id,outcome,male,supplemental_o2_duration,hospital_stay,sga,m24_ec_ss,m24_cong_ss,m24_rc_ss,m24_fm_ss,m24_gm_ss
30454086,1,1,261,263,0,5,5,4,3,4
30512506,0,1,40,63,0,11,8,8,8,8
30570605,0,0,71,77,0,11,11,11,13,8
30757133,0,0,85,91,0,10,9,10,8,3
31033626,0,1,15,45,0,11,10,10,10,9
53161468,0,0,6,46,0,6,6,7,8,6
31304804,0,1,7,40,0,8,9,8,10,8
31312047,0,0,45,62,0,9,9,8,9,8
31410349,0,0,29,56,0,8,5,5,7,9
11400870,0,1,65,79,0,10,10,10,12,10
16003205,0,0,93,109,1,10,11,10,10,11
16684092,0,0,30,71,0,8,9,8,9,9
16684102,0,0,69,88,0,7,7,9,8,8
16720617,0,0,55,67,0,8,7,7,8,7
16878642,0,0,23,35,0,9,9,8,11,8
17010901,0,1,16,40,0,9,9,8,11,8
17055589,0,1,30,52,0,7,10,8,10,9
17154999,1,0,86,100,0,10,11,11,7,7
17231608,0,1,34,47,0,7,8,8,8,7
17434855,0,0,18,41,0,11,10,10,12,9
17442726,0,1,41,46,0,9,10,9,11,9
17467078,0,1,44,53,0,10,9,9,9,9
17506794,0,0,114,115,0,7,7,6,7,7
17516438,0,1,80,89,1,9,9,8,11,10
17539506,0,1,105,107,0,4,8,7,8,7
17685700,1,1,62,72,0,7,8,7,7,8
17687573,0,0,23,51,0,8,9,8,11,9
17793720,0,1,27,42,0,8,9,5,10,9
17900888,0,0,55,71,0,11,10,11,14,10
17942446,0,1,38,54,0,10,9,8,11,10
17954050,0,1,119,142,0,8,8,9,9,10
17979852,0,0,111,112,0,9,11,8,9,9
17983226,0,1,73,85,0,7,10,7,10,8
17995607,0,1,11,25,0,9,10,8,10,10
18201584,0,1,39,50,0,9,8,9,10,9
18242830,0,0,124,125,0,9,11,9,11,7
18284595,0,0,71,80,0,11,13,13,15,9
18368064,0,1,18,30,0,8,8,8,7,1
18386705,0,1,45,57,1,12,11,11,13,8
18438923,0,0,68,78,0,9,9,8,9,9
18479224,0,0,84,84,0,13,14,11,13,10
18481621,1,1,54,65,0,10,12,12,14,11
18495943,0,1,56,67,0,9,9,9,13,10
18658431,1,1,102,111,0,9,9,7,10,9
18765851,0,1,84,94,0,10,4,6,8,10
18962301,1,1,28,50,0,7,8,8,9,10
19016251,0,1,37,48,0,12,11,11,13,11
19028108,0,0,53,61,0,11,9,10,10,9
19065999,1,1,32,50,0,11,10,9,10,8
19101310,0,0,124,124,0,10,8,8,10,8
19392898,0,0,45,52,0,12,13,15,15,9
19433895,0,1,99,191,0,7,9,9,8,9
32267441,0,1,36,45,0,6,8,6,10,10
32335126,1,1,40,53,0,8,13,10,12,12
32453961,0,0,55,62,0,10,9,7,10,1
32642977,1,1,96,104,0,8,9,9,11,11
53689832,0,0,46,68,0,8,11,10,12,10
32705002,0,1,28,49,0,10,11,12,13,13
32707118,0,0,54,66,0,5,6,6,10,7
32748710,0,1,60,72,0,9,11,9,11,9
33109835,0,1,64,79,0,12,10,12,10,9
33175517,0,1,33,48,0,11,11,9,11,9
33259866,1,0,44,52,1,4,10,8,13,10
11680243,0,1,40,57,0,11,13,11,10,11
19554498,0,1,21,51,0,12,13,10,10,9
19574287,0,0,27,50,0,5,11,9,9,8
33418381,1,0,54,92,0,5,7,5,8,9
31145936,0,1,17,34,0,9,12,10,11,10
18500419,0,1,21,35,0,7,11,8,11,10
18845946,0,0,31,40,0,10,13,12,13,9
18930050,0,0,42,54,1,8,11,10,12,10
19075798,0,0,33,43,1,10,10,8,9,10
12274716,0,0,14,40,0,12,9,9,11,8
19797786,1,1,21,34,0,5,9,5,9,10
